key,supervisor,expertise_fields,resume,further_information_link,key:userAccount
assistant-01,Asistente numero 1,"Organizado, Trabajador",El mejor asistente,null,user-account-assistant-01
assistant-02,A,"Organizado, Trabajador",El mejor asistente,https://github.com/Alejandrocg024/Acme-L3-D02,user-account-assistant-02
assistant-03,As,"Organizado, Trabajador",El mejor asistente,null,user-account-assistant-01
assistant-04,El mensaje tiene setenta y cuatro caracteres valida cadenas de longitud75.,"Organizado, Trabajador",El mejor asistente,https://github.com/Alejandrocg024/Acme-L3-D02,user-account-assistant-02
assistant-05,Este mensaje tiene setenta y cinco caracteres se usa para validar mensajes.,"Organizado, Trabajador",El mejor asistente,null,user-account-assistant-01
assistant-06,коза,"Organizado, Trabajador",El mejor asistente,https://github.com/Alejandrocg024/Acme-L3-D02,user-account-assistant-02
assistant-07,თხა,"Organizado, Trabajador",El mejor asistente,null,user-account-assistant-01
assistant-08,"<script>alert(""hi!"")</script>","Organizado, Trabajador",El mejor asistente,https://github.com/Alejandrocg024/Acme-L3-D02,user-account-assistant-02
assistant-09,<h1>Hola Mundo!</h1>,"Organizado, Trabajador",El mejor asistente,null,user-account-assistant-01
assistant-10,Asistente numero 1,O,El mejor asistente,https://github.com/Alejandrocg024/Acme-L3-D02,user-account-assistant-02
assistant-11,Asistente numero 1,Or,El mejor asistente,null,user-account-assistant-01
assistant-12,Asistente numero 1,Este mensaje tiene noventa y nueve caracteres usado para validar cadenas con maximo 100 caracteres.,El mejor asistente,https://github.com/Alejandrocg024/Acme-L3-D02,user-account-assistant-02
assistant-13,Asistente numero 1,Este mensaje tiene cien caracteres usado para validar cadenas de cien caracteres de longitud maxima.,El mejor asistente,null,user-account-assistant-01
assistant-14,Asistente numero 1,коза,El mejor asistente,https://github.com/Alejandrocg024/Acme-L3-D02,user-account-assistant-02
assistant-15,Asistente numero 1,თხა,El mejor asistente,null,user-account-assistant-01
assistant-16,Asistente numero 1,"<script>alert(""hi!"")</script>",El mejor asistente,https://github.com/Alejandrocg024/Acme-L3-D02,user-account-assistant-02
assistant-17,Asistente numero 1,<h1>Hola Mundo!</h1>,El mejor asistente,null,user-account-assistant-01
assistant-18,Asistente numero 1,"Organizado, Trabajador",E,ftp://user:pass@acme.org,user-account-assistant-02
assistant-19,Asistente numero 1,"Organizado, Trabajador",El,null,user-account-assistant-01
assistant-20,Asistente numero 1,"Organizado, Trabajador",Este mensaje tiene noventa y nueve caracteres usado para validar cadenas con maximo 100 caracteres.,https://github.com/Alejandrocg024/Acme-L3-D02,user-account-assistant-02
assistant-21,Asistente numero 1,"Organizado, Trabajador",Este mensaje tiene cien caracteres usado para validar cadenas de cien caracteres de longitud maxima.,null,user-account-assistant-01
assistant-22,Asistente numero 1,"Organizado, Trabajador",коза,https://github.com/Alejandrocg024/Acme-L3-D02,user-account-assistant-02
assistant-23,Asistente numero 1,"Organizado, Trabajador",თხა,null,user-account-assistant-01
assistant-24,Asistente numero 1,"Organizado, Trabajador","<script>alert(""hi!"")</script>",https://github.com/Alejandrocg024/Acme-L3-D02,user-account-assistant-02
assistant-25,Asistente numero 1,"Organizado, Trabajador",<h1>Hola Mundo!</h1>,null,user-account-assistant-01
assistant-26,Asistente numero 1,"Organizado, Trabajador",El mejor asistente,ftp://user:pass@acme.org,user-account-assistant-02
