key,firm,professional_id,certifications,further_information_link,key:userAccount
auditor-01,Auditor numero 1,066PMG,"ISO 45001, ISO 9001, ISO 14001, SGE 21",https://github.com/Alejandrocg024/Acme-L3-D02,user-account-auditor-01
auditor-02,A,066PMG,"ISO 45001, ISO 9001, ISO 14001, SGE 21",https://github.com/Alejandrocg024/Acme-L3-D02,user-account-auditor-01
auditor-03,Au,066PMG,"ISO 45001, ISO 9001, ISO 14001, SGE 21",https://github.com/Alejandrocg024/Acme-L3-D02,user-account-auditor-01
auditor-04,Este mensaje tiene setenta y cinco caracteres usados para validar mensaje..,066PMG,"ISO 45001, ISO 9001, ISO 14001, SGE 21",https://github.com/Alejandrocg024/Acme-L3-D02,user-account-auditor-01
auditor-05,Este mensaje tiene setenta y cinco caracteres usados para validar mensaje.,066PMG,"ISO 45001, ISO 9001, ISO 14001, SGE 21",https://github.com/Alejandrocg024/Acme-L3-D02,user-account-auditor-01
auditor-06,თხა,066PMG,"ISO 45001, ISO 9001, ISO 14001, SGE 21",https://github.com/Alejandrocg024/Acme-L3-D02,user-account-auditor-01
auditor-07,коза,066PMG,"ISO 45001, ISO 9001, ISO 14001, SGE 21",https://github.com/Alejandrocg024/Acme-L3-D02,user-account-auditor-01
auditor-08,<script>alert("hi!")</script>,066PMG,"ISO 45001, ISO 9001, ISO 14001, SGE 21",https://github.com/Alejandrocg024/Acme-L3-D02,user-account-auditor-01
auditor-09,<h1>Hola Mundo!</h1>,066PMG,"ISO 45001, ISO 9001, ISO 14001, SGE 21",https://github.com/Alejandrocg024/Acme-L3-D02,user-account-auditor-01
auditor-10,Auditor numero 1,P,"ISO 45001, ISO 9001, ISO 14001, SGE 21",https://github.com/Alejandrocg024/Acme-L3-D02,user-account-auditor-01
auditor-11,Auditor numero 1,PM,"ISO 45001, ISO 9001, ISO 14001, SGE 21",https://github.com/Alejandrocg024/Acme-L3-D02,user-account-auditor-01
auditor-12,Auditor numero 1,Validacion para 25 chrct.,"ISO 45001, ISO 9001, ISO 14001, SGE 21",https://github.com/Alejandrocg024/Acme-L3-D02,user-account-auditor-01
auditor-13,Auditor numero 1,Validacion para 25 chrct,"ISO 45001, ISO 9001, ISO 14001, SGE 21",https://github.com/Alejandrocg024/Acme-L3-D02,user-account-auditor-01
auditor-14,Auditor numero 1,თხა,"ISO 45001, ISO 9001, ISO 14001, SGE 21",https://github.com/Alejandrocg024/Acme-L3-D02,user-account-auditor-01
auditor-15,Auditor numero 1,коза,"ISO 45001, ISO 9001, ISO 14001, SGE 21",https://github.com/Alejandrocg024/Acme-L3-D02,user-account-auditor-01
auditor-16,Auditor numero 1,console.log("Hola!"),"ISO 45001, ISO 9001, ISO 14001, SGE 21",https://github.com/Alejandrocg024/Acme-L3-D02,user-account-auditor-01
auditor-17,Auditor numero 1,<h1>Hola Mundo!</h1>,"ISO 45001, ISO 9001, ISO 14001, SGE 21",https://github.com/Alejandrocg024/Acme-L3-D02,user-account-auditor-01
auditor-18,Auditor numero 1,066PMG,A,https://github.com/Alejandrocg024/Acme-L3-D02,user-account-auditor-01
auditor-19,Auditor numero 1,066PMG,Au,https://github.com/Alejandrocg024/Acme-L3-D02,user-account-auditor-01
auditor-20,Auditor numero 1,066PMG,Este mensaje tiene noventa y nueve caracteres usado para validar cadenas con 100 de longitud maximo.,https://github.com/Alejandrocg024/Acme-L3-D02,user-account-auditor-01
auditor-21,Auditor numero 1,066PMG,Este mensaje tiene noventa y nueve caracteres usado para validar cadenas con 100 de longitud maximo,https://github.com/Alejandrocg024/Acme-L3-D02,user-account-auditor-01
auditor-22,Auditor numero 1,066PMG,თხა,https://github.com/Alejandrocg024/Acme-L3-D02,user-account-auditor-01
auditor-23,Auditor numero 1,066PMG,коза,https://github.com/Alejandrocg024/Acme-L3-D02,user-account-auditor-01
auditor-24,Auditor numero 1,066PMG,<script>alert("hi!")</script>,https://github.com/Alejandrocg024/Acme-L3-D02,user-account-auditor-01
auditor-25,Auditor numero 1,066PMG,<h1>Hola Mundo!</h1>,https://github.com/Alejandrocg024/Acme-L3-D02,user-account-auditor-01
auditor-26,Auditor numero 1,066PMG,"ISO 45001, ISO 9001, ISO 14001, SGE 21",ftp://user:pass@acme.org,user-account-auditor-01
auditor-27,Auditor numero 1,066PMG,"ISO 45001, ISO 9001, ISO 14001, SGE 21",null,user-account-auditor-01
auditor-28,Auditor numero 1,066PMG,"ISO 45001, ISO 9001, ISO 14001, SGE 21",https://github.com/Alejandrocg024/Acme-L3-D02,user-account-auditor-02