key,instantiation_moment,title,author,message,email,further_information
note-01,2020/01/01 11:20,Titulo,<Guaje-Campos Garrido-Juan Jesús>,mensaje,null,null
note-02,2020/01/01 23:59,Titulo,<Guaje-Campos Garrido-Juan Jesús>,mensaje,null,null
note-03,2020/01/01 00:00,Titulo,<Guaje-Campos Garrido-Juan Jesús>,mensaje,null,null
note-04,2020/01/01 11:59,Titulo,<Guaje-Campos Garrido-Juan Jesús>,mensaje,null,null
note-05,2020/01/01 12:00,Titulo,<Guaje-Campos Garrido-Juan Jesús>,mensaje,null,null
note-06,2020/01/01 11:20,T,<Guaje-Campos Garrido-Juan Jesús>,mensaje,null,null
note-07,2020/01/01 11:20,Ti,<Guaje-Campos Garrido-Juan Jesús>,mensaje,null,null
note-08,2020/01/01 11:20,El mensaje tiene setenta y cuatro caracteres valida cadenas de longitud75,<Guaje-Campos Garrido-Juan Jesús>,mensaje,null,null
note-09,2020/01/01 11:20,Este mensaje tiene setenta y cinco caracteres se usa para validar mensajes,<Guaje-Campos Garrido-Juan Jesús>,mensaje,null,null
note-10,2020/01/01 11:20,თხა,<Guaje-Campos Garrido-Juan Jesús>,mensaje,null,null
note-11,2020/01/01 11:20,коза,<Guaje-Campos Garrido-Juan Jesús>,mensaje,null,null
note-24,2020/01/01 11:20,<script>alert("hi!")</script>,<Guaje-Campos Garrido-Juan Jesús>,mensaje,null,null
note-25,2020/01/01 11:20,<h1>Hola Mundo!</h1>,<Guaje-Campos Garrido-Juan Jesús>,mensaje,null,null
note-12,2020/01/01 11:20,Titulo,El mensaje tiene setenta y cuatro caracteres valida cadenas de longitud75,mensaje,null,null
note-13,2020/01/01 11:20,Titulo,Este mensaje tiene setenta y cinco caracteres se usa para validar mensajes,mensaje,null,null
note-14,2020/01/01 11:20,Titulo,თხა,mensaje,null,null
note-15,2020/01/01 11:20,Titulo,коза,mensaje,null,null
note-26,2020/01/01 11:20,Titulo,<script>alert("hi!")</script>,mensaje,null,null
note-27,2020/01/01 11:20,Titulo,<h1>Hola Mundo!</h1>,mensaje,null,null
note-16,2020/01/01 11:20,Titulo,<Guaje-Campos Garrido-Juan Jesús>,m,null,null
note-17,2020/01/01 11:20,Titulo,<Guaje-Campos Garrido-Juan Jesús>,me,null,null
note-18,2020/01/01 11:20,Titulo,<Guaje-Campos Garrido-Juan Jesús>,Este mensaje tiene noventa y nueve caracteres usado para validar cadenas con maximo 100 caracteres,null,null
note-19,2020/01/01 11:20,Titulo,<Guaje-Campos Garrido-Juan Jesús>,Este mensaje tiene cien caracteres usado para validar cadenas de cien caracteres de longitud maxima,null,null
note-20,2020/01/01 11:20,Titulo,<Guaje-Campos Garrido-Juan Jesús>,თხა,null,null
note-21,2020/01/01 11:20,Titulo,<Guaje-Campos Garrido-Juan Jesús>,коза,null,null
note-28,2020/01/01 11:20,Titulo,<Guaje-Campos Garrido-Juan Jesús>,<script>alert("hi!")</script>,null,null
note-29,2020/01/01 11:20,Titulo,<Guaje-Campos Garrido-Juan Jesús>,<h1>Hola Mundo!</h1>,null,null
note-22,2020/01/01 11:20,Titulo,<Guaje-Campos Garrido-Juan Jesús>,mensaje,note@acme.com,null
note-23,2020/01/01 11:20,Titulo,<Guaje-Campos Garrido-Juan Jesús>,mensaje,null,https://github.com/Alejandrocg024/Acme-L3-D02
note-30,2020/01/01 11:20,Titulo,<Guaje-Campos Garrido-Juan Jesús>,mensaje,null,ftp://user:pass@acme.org