key,instantiation_moment,title,nick,message,email,link
peep-01,2020/01/02 11:00,First peep,Juan,Este es le primer peep del sistema,null,null
peep-02,2020/01/02 00:00,First peep,Juan,Este es le primer peep del sistema,null,null
peep-03,2020/01/02 12:00,First peep,Juan,Este es le primer peep del sistema,null,null
peep-04,2020/01/02 11:59,First peep,Juan,Este es le primer peep del sistema,null,null
peep-05,2022/07/28 12:01,First peep,Juan,Este es le primer peep del sistema,null,null
peep-06,2022/07/30 00:00,First peep,Juan,Este es le primer peep del sistema,null,null
peep-07,2022/07/29 23:59,First peep,Juan,Este es le primer peep del sistema,null,null
peep-08,2022/01/01 00:00,First peep,Juan,Este es le primer peep del sistema,null,null
peep-09,2020/01/01 23:59,First peep,Juan,Este es le primer peep del sistema,null,null
peep-10,2020/12/31 23:59,First peep,Juan,Este es le primer peep del sistema,null,null
peep-11,2021/12/31 00:00,First peep,Juan,Este es le primer peep del sistema,null,null
peep-12,2021/12/31 00:01,First peep,Juan,Este es le primer peep del sistema,null,null
peep-13,2000/01/01 00:00,First peep,Juan,Este es le primer peep del sistema,null,null
peep-14,2000/01/01 00:01,First peep,Juan,Este es le primer peep del sistema,null,null
peep-15,2020/01/02 11:00,F,Juan,Este es le primer peep del sistema,null,null
peep-16,2020/01/02 11:00,Fi,Juan,Este es le primer peep del sistema,null,null
peep-17,2020/01/02 11:00,El mensaje tiene setenta y cuatro caracteres valida cadenas de longitud75.,Juan,Este es le primer peep del sistema,null,null
peep-18,2020/01/02 11:00,Este mensaje tiene setenta y cinco caracteres se usa para validar mensajes.,Juan,Este es le primer peep del sistema,null,null
peep-19,2020/01/02 11:00,коза,Juan,Este es le primer peep del sistema,null,null
peep-20,2020/01/02 11:00,თხა,Juan,Este es le primer peep del sistema,null,null
peep-21,2020/01/02 11:00,"<script>alert(""hi!"")</script>",Juan,Este es le primer peep del sistema,null,null
peep-22,2020/01/02 11:00,<h1>Hola Mundo!</h1>,Juan,Este es le primer peep del sistema,null,null
peep-23,2020/01/02 11:00,First peep,E,Este es le primer peep del sistema,null,null
peep-24,2020/01/02 11:00,First peep,El,Este es le primer peep del sistema,null,null
peep-25,2020/01/02 11:00,First peep,El mensaje tiene setenta y cuatro caracteres valida cadenas de longitud75.,Este es le primer peep del sistema,null,null
peep-26,2020/01/02 11:00,First peep,Este mensaje tiene setenta y cinco caracteres se usa para validar mensajes.,Este es le primer peep del sistema,null,null
peep-27,2020/01/02 11:00,First peep,коза,Este es le primer peep del sistema,null,null
peep-28,2020/01/02 11:00,First peep,თხა,Este es le primer peep del sistema,null,null
peep-29,2020/01/02 11:00,First peep,"<script>alert(""hi!"")</script>",Este es le primer peep del sistema,null,null
peep-30,2020/01/02 11:00,First peep,<h1>Hola Mundo!</h1>,Este es le primer peep del sistema,null,null
peep-31,2020/01/02 11:00,First peep,Juan,E,null,null
peep-35,2020/01/02 11:00,First peep,Juan,Es,null,null
peep-36,2020/01/02 11:00,First peep,Juan,Este mensaje tiene noventa y nueve caracteres usado para validar cadenas con maximo 100 caracteres.,null,null
peep-37,2020/01/02 11:00,First peep,Juan,Este mensaje tiene cien caracteres usado para validar cadenas de cien caracteres de longitud maxima.,null,null
peep-38,2020/01/02 11:00,First peep,Juan,коза,null,null
peep-39,2020/01/02 11:00,First peep,Juan,თხა,null,null
peep-40,2020/01/02 11:00,First peep,Juan,"<script>alert(""hi!"")</script>",null,null
peep-41,2020/01/02 11:00,First peep,Juan,<h1>Hola Mundo!</h1>,null,null
peep-42,2020/01/02 11:00,First peep,Juan,Este es le primer peep del sistema,juan@acme.com,null
peep-43,2020/01/02 11:00,First peep,Juan,Este es le primer peep del sistema,null,https://github.com/Alejandrocg024/Acme-L3-D02/
peep-44,2020/01/02 11:00,First peep,Juan,Este es le primer peep del sistema,null,ftp://user:pass@acme.org
peep-45,2020/01/02 11:00,First peep,Juan,Este es le primer peep del sistema,null,https://acme.com/estoesunadirecciondepruebaparacomprobarellimitede255caracteresestoesunadirecciondepruebaparacomprobarellimitede255caracteresestoesunadirecciondepruebaparacomprobarellimitede255caracteresestoesunadirecciondepruebaparacomprobarellimitede255
peep-46,2020/01/02 11:00,First peep,Juan,Este es le primer peep del sistema,null,https://acme.com/estoesunadirecciondepruebaparacomprobarellimitede255caracteresestoesunadirecciondepruebaparacomprobarellimitede255caracteresestoesunadirecciondepruebaparacomprobarellimitede255caracteresestoesunadirecciondepruebaparacomprobarellimitede25
peep-32,2020/01/02 11:00,First peep,Juan,Este es le primer peep del sistema,juan@acme.com,ftp://user:pass@acme.org
peep-33,2020/01/02 11:00,First peep,Juan,Este es le primer peep del sistema,juan@acme.com,ftp://user:pass@acme.org
peep-34,2020/01/02 11:00,First peep,Juan,Este es le primer peep del sistema,juan@acme.com,ftp://user:pass@acme.org
